Part,Color,Quantity,,Gobrick Part,Gobrick Color
32062,'0,62,,GDS-580,'080
37762,'72,76,,GDS-90069,'072
36841,'0,1,,GDS-1377,'080
24309,'0,1,,GDS-1123,'080
43720,'0,1,,GDS-1167,'080
4865b,'72,1,,GDS-568,'072
2817,'0,1,,GDS-847,'080
29120,'0,1,,GDS-1493,'080
43721,'0,1,,GDS-1168,'080
93095,'0,1,,GDS-2027,'080
32054,'0,1,,GDS-923,'080
50948,'0,1,,GDS-2195,'080
30503,'320,1,,GDS-554,'014
50305,'320,1,,GDS-552,'014
4216,'320,1,,GDS-798,'014
29120,'320,1,,GDS-1493,'014
50304,'320,1,,GDS-553,'014
4477,'320,1,,GDS-507,'014
11211,'320,1,,GDS-634,'014
4073,'320,1,,GDS-615,'014
3032,'320,1,,GDS-520,'014
2877,'15,1,,GDS-797,'090
3960,'320,1,,GDS-945,'014
3069,'57,1,,GDS-566,'120
1748,'72,1,,GDS-90301,'072
24307,'297,1,,GDS-560,'035
30374,'71,1,,GDS-883,'071
26603,'84,1,,GDS-1039,'084
22385,'15,1,,GDS-1580,'090
1745,'297,1,,GDS-90300,'035
1745,'71,1,,GDS-90300,'071
14716,'28,1,,GDS-865,'034
3176,'15,1,,GDS-846,'090
3649,'71,1,,GDS-1099,'071
3659,'0,2,,GDS-681,'080
42445,'0,2,,GDS-1327,'080
3297,'0,2,,GDS-732,'080
52494,'72,2,,GDS-90218,'072
32316,'0,2,,GDS-664,'080
2431,'36,2,,GDS-563,'110
15535,'0,2,,GDS-965,'080
32828,'0,2,,GDS-1570,'080
44300,'0,2,,GDS-M216,'080
93273,'0,2,,GDS-831,'080
2752,'0,2,,GDS-598,'080
44302,'0,2,,GDS-821,'080
49668,'0,2,,GDS-870,'080
6538c,'0,2,,GDS-915,'080
32557,'0,2,,GDS-996,'080
3675,'0,2,,GDS-1077,'080
60481,'0,2,,GDS-618,'080
98138,'36,2,,GDS-612,'110
11476,'0,2,,GDS-815,'080
24246,'36,2,,GDS-1292,'110
11253,'0,2,,GDS-M232,'080
3046,'0,2,,GDS-721,'080
23443,'0,2,,GDS-1298,'080
3713,'0,2,,GDS-617,'080
98138,'320,2,,GDS-612,'014
11211,'71,2,,GDS-634,'071
92593,'0,2,,GDS-723,'080
44822,'0,2,,GDS-1131,'080
32065,'0,2,,GDS-695,'080
4185,'57,2,,GDS-1264,'120
3037,'72,2,,GDS-591,'072
15068,'72,2,,GDS-659,'072
26601,'320,2,,GDS-1503,'014
66909,'72,2,,GDS-90290,'072
37352,'71,2,,GDS-M063,'071
43723,'72,2,,GDS-546,'072
4282,'15,1,,GDS-517,'090
3942c,'15,1,,GDS-746,'090
30586,'15,1,,GDS-747,'090
60474,'15,1,,GDS-841,'090
67095,'15,1,,GDS-90512,'090
88704,'179,4,,GDS-2135,'073
3037,'0,4,,GDS-591,'080
32449,'4,4,,GDS-690,'010
99780,'0,4,,GDS-643,'080
48205,'0,3,,GDS-90047,'080
63965,'71,4,,GDS-905,'071
76959,'0,4,,GDS-599,'080
4716,'0,3,,GDS-1199,'080
11203,'0,3,,GDS-855,'080
48208,'0,3,,GDS-90046,'080
99563,'179,3,,GDS-1499,'073
61252,'320,3,,GDS-813,'014
2450,'320,3,,GDS-556,'014
6628b,'0,2,,GDS-903,'080
34103,'320,2,,GDS-1504,'014
3009,'320,3,,GDS-535,'014
4286,'320,2,,GDS-586,'014
30504,'320,2,,GDS-700,'014
11213,'320,3,,GDS-843,'014
3024,'57,2,,GDS-501,'120
92946,'320,2,,GDS-832,'014
28192,'320,2,,GDS-1484,'014
22385,'320,3,,GDS-1580,'014
3794b,'320,2,,GDS-803,'014
2449,'320,2,,GDS-864,'014
35394,'43,2,,GDS-945,'152
22484,'72,2,,GDS-90463,'072
32056,'0,2,,GDS-692,'080
42003,'0,2,,GDS-936,'080
14716,'0,2,,GDS-865,'080
35480,'28,2,,GDS-1403,'034
87994,'15,3,,GDS-884,'090
6231,'71,2,,GDS-1043,'071
73507,'0,2,,GDS-1594,'080
60470b,'15,2,,GDS-816,'090
65429,'15,2,,GDS-90175,'090
73825,'72,2,,GDS-2140,'072
22885,'71,2,,GDS-1117,'071
6632,'0,2,,GDS-689,'080
15100,'71,2,,GDS-925,'071
24299,'297,2,,GDS-559,'035
26604,'0,2,,GDS-1046,'080
3023,'43,2,,GDS-502,'152
26601,'71,2,,GDS-1503,'071
3460,'71,2,,GDS-506,'071
32449,'0,2,,GDS-690,'080
44358,'71,3,,GDS-90314,'071
18677,'72,3,,GDS-854,'072
65426,'15,2,,GDS-90174,'090
2412b,'71,2,,GDS-602,'071
1126,'15,3,,GDS-90521,'090
15403,'15,2,,GDS-90284,'090
15571,'15,2,,GDS-834,'090
16577,'15,2,,GDS-677,'090
1745,'15,2,,GDS-90300,'090
1748,'15,3,,GDS-90301,'090
18646,'15,3,,GDS-705,'090
2445,'15,2,,GDS-515,'090
27448,'15,2,,GDS-90429,'090
3003,'15,2,,GDS-540,'090
4095,'15,2,,GDS-90075,'090
32525,'15,3,,GDS-583,'090
3068,'28,2,,GDS-561,'034
43898,'15,3,,GDS-978,'090
3684a,'15,3,,GDS-1404,'090
4716,'71,2,,GDS-1199,'071
4859,'15,3,,GDS-725,'090
64567,'15,2,,GDS-962,'090
6134,'15,2,,GDS-830,'090
6179,'15,3,,GDS-794,'090
6233,'15,2,,GDS-1047,'090
6636,'28,2,,GDS-564,'034
44822,'15,2,,GDS-1131,'090
61409,'28,3,,GDS-838,'034
85861,'320,2,,GDS-603,'014
88646,'15,3,,GDS-980,'090
88704,'0,2,,GDS-2135,'080
92582,'15,3,,GDS-825,'090
49097,'15,2,,GDS-90051,'090
73230,'71,2,,GDS-2196,'071
61904,'72,6,,GDS-1427,'072
99781,'0,9,,GDS-640,'080
24246,'0,6,,GDS-1292,'080
22385,'0,10,,GDS-1580,'080
6091,'0,10,,GDS-654,'080
60483,'0,6,,GDS-669,'080
3938,'0,7,,GDS-828,'080
87087,'0,6,,GDS-635,'080
4304,'0,8,,GDS-801,'080
6628a,'0,6,,GDS-903,'080
3036,'0,5,,GDS-524,'080
24201,'0,8,,GDS-795,'080
26047,'0,4,,GDS-1290,'080
6134,'0,8,,GDS-830,'080
14769,'0,5,,GDS-611,'080
15068,'0,10,,GDS-659,'080
48336,'0,8,,GDS-645,'080
6588,'47,5,,GDS-1324,'180
47905,'0,5,,GDS-649,'080
3941,'0,4,,GDS-607,'080
2654,'0,9,,GDS-608,'080
3045,'0,4,,GDS-621,'080
4460b,'0,10,,GDS-619,'080
41677,'0,4,,GDS-688,'080
3038,'0,4,,GDS-590,'080
4477,'0,10,,GDS-507,'080
3648,'72,9,,GDS-1098,'072
11477,'0,8,,GDS-656,'080
18654,'0,4,,GDS-604,'080
3942c,'0,4,,GDS-746,'080
3678b,'0,6,,GDS-620,'080
11214,'72,8,,GDS-929,'072
32449,'72,8,,GDS-690,'072
98138,'179,8,,GDS-612,'073
4625,'0,4,,GDS-M439,'080
11212,'0,8,,GDS-518,'080
32000,'0,8,,GDS-624,'080
18674,'0,4,,GDS-1041,'080
50451,'0,6,,GDS-779,'080
87994,'0,6,,GDS-884,'080
4287,'0,5,,GDS-596,'080
11477,'71,8,,GDS-656,'071
25269,'72,4,,GDS-1307,'072
87609,'0,5,,GDS-1175,'080
6081,'320,4,,GDS-712,'014
24309,'15,10,,GDS-1123,'090
33909,'72,6,,GDS-1483,'072
65617,'71,4,,GDS-2189,'071
4510,'72,5,,GDS-1235,'072
28192,'72,8,,GDS-1484,'072
6179,'72,4,,GDS-794,'072
3003,'320,6,,GDS-540,'014
18649,'0,7,,GDS-734,'080
24307,'15,4,,GDS-560,'090
32124,'70,4,,GDS-900,'081
2825,'71,8,,GDS-967,'071
60474,'72,7,,GDS-841,'072
99207,'72,6,,GDS-642,'072
73825,'0,8,,GDS-2140,'080
29119,'15,9,,GDS-1492,'090
65617,'320,4,,GDS-2189,'014
85080,'71,4,,GDS-799,'071
3021,'320,10,,GDS-510,'014
3678b,'320,10,,GDS-620,'014
14719,'72,4,,GDS-567,'072
3069,'320,10,,GDS-566,'014
3023,'321,4,,GDS-502,'051
6191,'320,6,,GDS-863,'014
47905,'71,8,,GDS-649,'071
63965,'72,4,,GDS-905,'072
24299,'15,4,,GDS-559,'090
43723,'15,6,,GDS-546,'090
36840,'0,4,,GDS-1567,'080
3030,'320,4,,GDS-522,'014
50950,'320,7,,GDS-657,'014
29120,'15,10,,GDS-1493,'090
6222,'15,8,,GDS-951,'090
64727,'71,6,,GDS-1582,'071
2420,'320,5,,GDS-585,'014
24201,'320,6,,GDS-795,'014
33909,'320,4,,GDS-1483,'014
27925,'71,4,,GDS-1277,'071
3795,'320,5,,GDS-512,'014
6179,'320,4,,GDS-794,'014
3622,'320,5,,GDS-533,'014
3069,'321,8,,GDS-566,'051
3665,'320,8,,GDS-597,'014
15535,'72,6,,GDS-965,'072
43898,'72,4,,GDS-978,'072
24307,'71,6,,GDS-560,'071
35459,'71,8,,GDS-M258,'071
30413,'70,4,,GDS-861,'081
28192,'0,4,,GDS-1484,'080
6541,'71,7,,GDS-622,'071
3622,'0,6,,GDS-533,'080
4085d,'15,5,,GDS-814,'090
24246,'71,8,,GDS-1292,'071
87994,'71,8,,GDS-884,'071
28192,'15,8,,GDS-1484,'090
22885,'226,10,,GDS-1117,'033
41682,'15,8,,GDS-90491,'090
18674,'71,4,,GDS-1041,'071
15535,'15,9,,GDS-965,'090
6636,'71,6,,GDS-564,'071
3938,'71,5,,GDS-828,'071
61252,'15,5,,GDS-813,'090
20482,'297,4,,GDS-1291,'035
92946,'15,9,,GDS-832,'090
73230,'84,6,,GDS-2196,'084
1748,'71,5,,GDS-90301,'071
36841,'71,6,,GDS-1377,'071
53923,'71,7,,GDS-1218,'071
6541,'0,4,,GDS-622,'080
32952,'71,5,,GDS-1485,'071
44861,'15,8,,GDS-819,'090
20482,'71,7,,GDS-1291,'071
6134,'71,7,,GDS-830,'071
85861,'71,9,,GDS-603,'071
85984,'71,9,,GDS-661,'071
27507,'15,4,,GDS-1276,'090
35787,'71,4,,GDS-90492,'071
68325,'15,8,,GDS-90091,'090
24299,'71,6,,GDS-559,'071
37762,'71,4,,GDS-90069,'071
11476,'15,6,,GDS-815,'090
11203,'71,5,,GDS-855,'071
75937,'71,6,,GDS-1075,'071
15462,'28,9,,GDS-908,'034
2357,'15,4,,GDS-572,'090
2431,'28,4,,GDS-563,'034
2465,'15,5,,GDS-539,'090
27925,'15,4,,GDS-1277,'090
3002,'15,4,,GDS-541,'090
3005,'28,7,,GDS-531,'034
32063,'71,4,,GDS-694,'071
3460,'15,10,,GDS-506,'090
3960,'15,4,,GDS-945,'090
4213,'15,5,,GDS-90167,'090
32278,'15,4,,GDS-668,'090
30377,'15,4,,GDS-999,'090
44728,'15,4,,GDS-641,'090
43857,'15,4,,GDS-662,'090
32803,'15,4,,GDS-1270,'090
36840,'15,8,,GDS-1567,'090
92593,'15,4,,GDS-723,'090
4275b,'15,6,,GDS-M173,'090
4510,'15,4,,GDS-1235,'090
4625,'15,7,,GDS-M439,'090
4733,'15,8,,GDS-650,'090
6111,'15,10,,GDS-537,'090
6112,'15,7,,GDS-538,'090
48336,'15,4,,GDS-645,'090
95344,'297,7,,GDS-2077,'035
93606,'0,8,,GDS-660,'080
91988,'15,4,,GDS-516,'090
99206,'15,5,,GDS-801,'090
65509,'15,5,,GDS-90201,'090
69729,'15,6,,GDS-2187,'090
73111,'15,4,,GDS-90288,'090
73825,'28,5,,GDS-2140,'034
79389,'72,4,,GDS-2141,'072
78666,'72,8,,GDS-90163,'072
2420,'0,28,,GDS-585,'080
3873,'0,20,,GDS-1204,'080
3020,'0,36,,GDS-511,'080
3069,'36,19,,GDS-566,'110
3711,'0,42,,GDS-1203,'080
15712,'0,236,,GDS-818,'080
33909,'0,32,,GDS-1483,'080
4162,'0,53,,GDS-565,'080
87580,'0,34,,GDS-805,'080
92946,'0,57,,GDS-832,'080
20482,'0,30,,GDS-1291,'080
10928,'72,16,,GDS-1100,'072
98138,'0,12,,GDS-612,'080
51739,'0,18,,GDS-555,'080
15100,'0,20,,GDS-925,'080
85984,'0,65,,GDS-661,'080
22890,'72,16,,GDS-852,'072
2412b,'179,179,,GDS-602,'073
61252,'0,41,,GDS-813,'080
6179,'0,30,,GDS-794,'080
93555,'179,11,,GDS-90273,'073
99563,'0,51,,GDS-1499,'080
15573,'0,161,,GDS-803,'080
44861,'0,14,,GDS-819,'080
6632,'72,16,,GDS-689,'072
34103,'0,27,,GDS-1504,'080
4070,'0,25,,GDS-636,'080
3023,'0,132,,GDS-502,'080
32952,'0,11,,GDS-1485,'080
14418,'71,16,,GDS-851,'071
3460,'0,39,,GDS-506,'080
61409,'0,27,,GDS-838,'080
3021,'72,64,,GDS-510,'072
85861,'0,51,,GDS-603,'080
52107,'71,46,,GDS-648,'071
6081,'0,16,,GDS-712,'080
2877,'0,29,,GDS-797,'080
4162,'71,28,,GDS-565,'071
3024,'0,56,,GDS-501,'080
24299,'0,23,,GDS-559,'080
43723,'0,12,,GDS-546,'080
3069,'0,27,,GDS-566,'080
47397,'0,38,,GDS-708,'080
3937,'0,29,,GDS-829,'080
3666,'0,35,,GDS-505,'080
94925,'71,14,,GDS-1097,'071
30413,'0,22,,GDS-861,'080
98138,'47,15,,GDS-612,'180
2431,'0,117,,GDS-563,'080
88646,'0,36,,GDS-980,'080
60479,'0,12,,GDS-508,'080
2429c01,'0,18,,GDS-807,'080
2429c01,'0,18,,GDS-808,'080
3021,'0,34,,GDS-510,'080
11211,'0,17,,GDS-634,'080
32064,'0,20,,GDS-633,'080
11458,'0,12,,GDS-811,'080
60470b,'0,27,,GDS-816,'080
3743,'0,36,,GDS-1171,'080
85970,'0,14,,GDS-950,'080
63864,'0,73,,GDS-562,'080
47398,'0,37,,GDS-707,'080
60478,'0,30,,GDS-646,'080
24307,'0,22,,GDS-560,'080
63965,'0,14,,GDS-905,'080
26603,'0,30,,GDS-1039,'080
6636,'0,92,,GDS-564,'080
3623,'0,48,,GDS-503,'080
3710,'0,43,,GDS-504,'080
60477,'72,17,,GDS-587,'072
3023,'320,59,,GDS-502,'014
20482,'72,11,,GDS-1291,'072
15068,'320,122,,GDS-659,'014
3023,'72,72,,GDS-502,'072
6636,'15,60,,GDS-564,'090
63868,'0,16,,GDS-817,'080
99563,'72,75,,GDS-1499,'072
85984,'72,69,,GDS-661,'072
87079,'320,51,,GDS-614,'014
27925,'72,16,,GDS-1277,'072
15573,'320,18,,GDS-803,'014
50950,'15,18,,GDS-657,'090
85984,'320,33,,GDS-661,'014
93273,'320,21,,GDS-831,'014
27263,'15,19,,GDS-1044,'090
3070,'71,58,,GDS-613,'071
43723,'320,20,,GDS-546,'014
69729,'320,14,,GDS-2187,'014
26601,'72,12,,GDS-1503,'072
3024,'320,65,,GDS-501,'014
3062,'72,12,,GDS-605,'072
61678,'320,16,,GDS-658,'014
63864,'15,64,,GDS-562,'090
43722,'15,13,,GDS-547,'090
35787,'320,74,,GDS-90492,'014
3022,'320,34,,GDS-509,'014
37352,'320,16,,GDS-M063,'014
85984,'15,77,,GDS-661,'090
30413,'320,18,,GDS-861,'014
3034,'320,13,,GDS-513,'014
24201,'15,49,,GDS-795,'090
2412b,'320,36,,GDS-602,'014
27263,'71,13,,GDS-1044,'071
2412b,'72,84,,GDS-602,'072
2420,'15,18,,GDS-585,'090
11477,'320,14,,GDS-656,'014
3020,'15,21,,GDS-511,'090
93606,'15,16,,GDS-660,'090
79389,'15,22,,GDS-2141,'090
36840,'72,12,,GDS-1567,'072
14719,'320,19,,GDS-567,'014
54200,'43,47,,GDS-833,'152
4162,'15,94,,GDS-565,'090
22888,'0,16,,GDS-706,'080
2429c01,'72,16,,GDS-807,'072
2429c01,'72,16,,GDS-808,'072
22888,'72,13,,GDS-706,'072
27263,'72,17,,GDS-1044,'072
3070,'320,40,,GDS-613,'014
93273,'15,12,,GDS-831,'090
54200,'320,34,,GDS-833,'014
99563,'71,29,,GDS-1499,'071
3024,'15,157,,GDS-501,'090
6541,'72,60,,GDS-622,'072
35787,'15,48,,GDS-90492,'090
60484,'0,21,,GDS-670,'080
3623,'320,17,,GDS-503,'014
26603,'320,18,,GDS-1039,'014
24201,'71,11,,GDS-795,'071
3005,'320,28,,GDS-531,'014
6636,'320,25,,GDS-564,'014
99207,'0,42,,GDS-642,'080
27263,'320,30,,GDS-1044,'014
3031,'0,16,,GDS-519,'080
73825,'15,38,,GDS-2140,'090
61409,'71,76,,GDS-838,'071
3023,'46,12,,GDS-502,'130
2431,'15,53,,GDS-563,'090
3010,'320,30,,GDS-534,'014
73825,'71,30,,GDS-2140,'071
92946,'72,12,,GDS-832,'072
3021,'15,13,,GDS-510,'090
3020,'320,20,,GDS-511,'014
43722,'320,19,,GDS-547,'014
4162,'320,12,,GDS-565,'014
24309,'320,24,,GDS-1123,'014
14719,'15,25,,GDS-567,'090
63864,'72,22,,GDS-562,'072
50950,'321,16,,GDS-657,'051
3022,'15,13,,GDS-509,'090
24201,'72,12,,GDS-795,'072
3070,'15,114,,GDS-613,'090
29119,'320,12,,GDS-1492,'014
93606,'320,70,,GDS-660,'014
87081,'0,12,,GDS-952,'080
3623,'71,43,,GDS-503,'071
14719,'71,18,,GDS-567,'071
3710,'15,25,,GDS-504,'090
3005,'71,32,,GDS-531,'071
11213,'15,12,,GDS-843,'090
52107,'15,16,,GDS-648,'090
15712,'71,22,,GDS-818,'071
47905,'15,251,,GDS-649,'090
4085d,'71,81,,GDS-814,'071
18677,'71,23,,GDS-854,'071
87087,'15,15,,GDS-635,'090
30374,'15,14,,GDS-883,'090
87087,'71,32,,GDS-635,'071
25269,'15,14,,GDS-1307,'090
36841,'15,44,,GDS-1377,'090
99780,'15,37,,GDS-643,'090
99781,'15,31,,GDS-640,'090
32002,'72,38,,GDS-986,'072
24246,'15,13,,GDS-1292,'090
33909,'15,17,,GDS-1483,'090
3004,'15,40,,GDS-532,'090
3024,'297,61,,GDS-501,'035
61409,'15,17,,GDS-838,'090
35464,'0,12,,GDS-M461,'080
25269,'71,13,,GDS-1307,'071
3023,'297,158,,GDS-502,'035
61252,'71,50,,GDS-813,'071
2420,'71,18,,GDS-585,'071
3023,'15,260,,GDS-502,'090
33909,'71,15,,GDS-1483,'071
78258,'15,13,,GDS-90287,'090
3020,'71,11,,GDS-511,'071
79389,'71,13,,GDS-2141,'071
6541,'15,319,,GDS-622,'090
35480,'15,16,,GDS-1403,'090
65617,'15,26,,GDS-2189,'090
2429c01,'15,16,,GDS-807,'090
2429c01,'15,16,,GDS-808,'090
35480,'71,28,,GDS-1403,'071
99207,'15,25,,GDS-642,'090
32828,'71,33,,GDS-1570,'071
37352,'15,130,,GDS-M063,'090
34103,'191,14,,GDS-1504,'036
3034,'15,24,,GDS-513,'090
22885,'15,14,,GDS-1117,'090
23950,'15,23,,GDS-M226,'090
2412b,'15,32,,GDS-602,'090
3008,'15,14,,GDS-536,'090
3024,'28,17,,GDS-501,'034
3743,'15,16,,GDS-1171,'090
3937,'15,12,,GDS-829,'090
4265c,'71,100,,GDS-616,'071
30413,'15,67,,GDS-861,'090
32271,'15,16,,GDS-674,'090
32316,'15,12,,GDS-664,'090
32269,'0,11,,GDS-1103,'080
4081b,'15,21,,GDS-812,'090
32952,'15,14,,GDS-1485,'090
32828,'72,40,,GDS-1570,'072
35459,'15,20,,GDS-M258,'090
4477,'15,29,,GDS-507,'090
6005,'15,38,,GDS-719,'090
6231,'15,12,,GDS-1043,'090
60479,'15,23,,GDS-508,'090
87079,'28,11,,GDS-614,'034
88292,'0,12,,GDS-858,'080
98313,'179,14,,GDS-1312,'073
49307,'320,26,,GDS-M255,'014
73230,'15,13,,GDS-2196,'090
78329,'15,21,,GDS-90026,'090
78666,'15,28,,GDS-90163,'090
79756,'15,2,,GDS-90338,'090
32198,'71,8,,GDS-1104,'071
4460b,'72,4,,GDS-619,'072
77765,'71,12,,GDS-90157,'071
26603,'15,37,,GDS-1039,'090
15068,'15,106,,GDS-659,'090
